Category,StudentID,StudentFirstName,StudentMiddleName,StudentLastName,BIRTHDATE,SchoolName
Category,StudentID,StudentFirstName,StudentMiddleName,StudentLastName,BIRTHDATE,SchoolName

Add,442184423,Jonathan,Margaret,11/21/2000,abc

,,,,,,
Drop,,,,,,
Add,162002153,,,,,
Drop,150072041,Andrew,,,,
Add,944215835,Emily,Julie,,,
Drop,029552180,Sarah,Ralph,Burton,,
Drop,875337410,Ruby,Philip,Sims,10/27/1999,
Drop,970166536,Ernest,,Matthews,11/21/2000,abc

Drop,,Timothy,Howard,Lane,09/21/2000,abc

Add,879412696,Amanda,Shirley,Harrison,02-08-1999,abc
Drop,727512665,Daniel,Sharon,Ramirez,02\22\1999,def

Add,abcde,Walter,Douglas,Mendoza,07/25/2002,abc
Add,abc281489457,Walter,Christina,Harvey,12/07/2000,abc
Add,742184423abc,Jonathan,Margaret,Little,11/21/2000,abc
Add,653263abc,Judith,Donald,Schmidt,04/08/2002,def

'Add','747633466','Louis','Lois','Young','11/24/2002','def'
'','','','','','',''
"Drop","280851841","Anne","Norma","Harper","04/25/2000","abc"
"","","","","","",""

Add,5856H8702,Marilyn,Elizabeth,Myers,10/21/1999,abc

Add,625269602,123,456,789,01/25/2001,abc

\
/
.
;
!
`
!
@
#
$
%
^
&
*
(
)
-
_
+
=
{
}
[
]
|
<
>
,
.
?
EOF
>>>
<<<
>>
<<
>
<
/dev/null
quit
stop
exit
null
\n
\r\n
\\r\\n



